tconst,ordering,nconst,category,characters
tt1248537,1,nm1396022,actress,"[""Olivia Dunham""]"
tt1248537,2,nm0005045,actor,"[""Peter Bishop""]"
tt1248537,3,nm0714698,actor,"[""Phillip Broyles""]"
tt1248537,4,nm0009716,actor,"[""Charlie Francis""]"
tt1248537,5,nm0001974,actress,"[""Nina Sharp""]"
tt1248537,6,nm1896248,actress,"[""Astrid Farnsworth""]"
tt1248537,7,nm0885090,actor,"[""John Scott""]"
tt1248537,8,nm0633604,actor,"[""Dr. Walter Bishop""]"
tt1248537,9,nm0124798,actor,"[""Richard Steig""]"
tt1248537,10,nm0653660,actor,"[""Dr. Reyes""]"
tt1248538,1,nm1396022,actress,"[""Olivia Dunham""]"
tt1248538,2,nm0005045,actor,"[""Peter Bishop""]"
tt1248538,3,nm0009716,actor,"[""Charlie Francis""]"
tt1248538,4,nm0714698,actor,"[""Phillip Broyles""]"
tt1248538,5,nm0001974,actress,"[""Nina Sharp""]"
tt1248538,6,nm1896248,actress,"[""Astrid Farnsworth""]"
tt1248538,7,nm0885090,actor,"[""John Scott""]"
tt1248538,8,nm0633604,actor,"[""Dr. Walter Bishop""]"
tt1248538,9,nm0364813,actor,"[""David Robert Jones""]"
tt1248538,10,nm0280355,actor,"[""Ryan Eastwick""]"
tt1248539,1,nm1396022,actress,"[""Olivia Dunham""]"
tt1248539,2,nm0005045,actor,"[""Peter Bishop""]"
tt1248539,3,nm0714698,actor,"[""Phillip Broyles""]"
tt1248539,4,nm0009716,actor,"[""Charlie Francis""]"
tt1248539,5,nm0001974,actress,"[""Nina Sharp""]"
tt1248539,6,nm1896248,actress,"[""Astrid Farnsworth""]"
tt1248539,7,nm0885090,actor,"[""John Scott""]"
tt1248539,8,nm0633604,actor,"[""Dr. Walter Bishop""]"
tt1248539,9,nm0309461,actor,"[""Sanford Harris""]"
tt1248539,10,nm0310966,actress,"[""Rachel""]"
tt1248540,1,nm1396022,actress,"[""Olivia Dunham""]"
tt1248540,2,nm0005045,actor,"[""Peter Bishop""]"
tt1248540,3,nm0714698,actor,"[""Phillip Broyles""]"
tt1248540,4,nm0009716,actor,"[""Charlie Francis""]"
tt1248540,5,nm0001974,actress,"[""Nina Sharp""]"
tt1248540,6,nm1896248,actress,"[""Astrid Farnsworth""]"
tt1248540,7,nm0885090,actor,"[""John Scott""]"
tt1248540,8,nm0633604,actor,"[""Dr. Walter Bishop""]"
tt1248540,9,nm0061777,actor,"[""Brian Dempsey""]"
tt1248540,10,nm0309461,actor,"[""Sanford Harris""]"
tt1248541,1,nm1396022,actress,"[""Olivia Dunham""]"
tt1248541,2,nm0005045,actor,"[""Peter Bishop""]"
tt1248541,3,nm0714698,actor,"[""Phillip Broyles""]"
tt1248541,4,nm0009716,actor,"[""Charlie Francis""]"
tt1248541,5,nm0001974,actress,"[""Nina Sharp""]"
tt1248541,6,nm1896248,actress,"[""Astrid Farnsworth""]"
tt1248541,7,nm0885090,actor,"[""John Scott""]"
tt1248541,8,nm0633604,actor,"[""Dr. Walter Bishop""]"
tt1248541,9,nm0310966,actress,"[""Rachel""]"
tt1248541,10,nm0813101,actor,"[""Daniel Hicks""]"
tt1248542,1,nm1396022,actress,"[""Olivia Dunham""]"
tt1248542,2,nm0005045,actor,"[""Peter Bishop""]"
tt1248542,3,nm0714698,actor,"[""Phillip Broyles""]"
tt1248542,4,nm0009716,actor,"[""Charlie Francis""]"
tt1248542,5,nm0001974,actress,"[""Nina Sharp""]"
tt1248542,6,nm1896248,actress,"[""Astrid Farnsworth""]"
tt1248542,8,nm0633604,actor,"[""Dr. Walter Bishop""]"
tt1248542,9,nm0147689,actor,"[""Christopher""]"
tt1248542,10,nm0089685,actor,"[""Dr. Claus Penrose""]"
tt1248543,1,nm1396022,actress,"[""Olivia Dunham""]"
tt1248543,2,nm0005045,actor,"[""Peter Bishop""]"
tt1248543,3,nm0714698,actor,"[""Phillip Broyles""]"
tt1248543,4,nm0009716,actor,"[""Charlie Francis""]"
tt1248543,5,nm0001974,actress,"[""Nina Sharp""]"
tt1248543,6,nm1896248,actress,"[""Astrid Farnsworth""]"
tt1248543,7,nm0885090,actor,"[""John Scott""]"
tt1248543,8,nm0633604,actor,"[""Dr. Walter Bishop""]"
tt1248543,9,nm0651008,actor,"[""Roy McComb""]"
tt1248543,10,nm0379282,actor,"[""Grant""]"
tt1248544,1,nm1396022,actress,"[""Olivia Dunham""]"
tt1248544,2,nm0005045,actor,"[""Peter Bishop""]"
tt1248544,3,nm0714698,actor,"[""Phillip Broyles""]"
tt1248544,4,nm0009716,actor,"[""Charlie Francis""]"
tt1248544,5,nm0001974,actress,"[""Nina Sharp""]"
tt1248544,6,nm1896248,actress,"[""Astrid Farnsworth""]"
tt1248544,7,nm0885090,actor,"[""John Scott""]"
tt1248544,8,nm0633604,actor,"[""Dr. Walter Bishop""]"
tt1248544,9,nm0148964,actor,"[""The Observer""]"
tt1248544,10,nm0446672,actor,"[""John Mosley""]"
tt1248545,1,nm1396022,actress,"[""Olivia Dunham""]"
tt1248545,2,nm0005045,actor,"[""Peter Bishop""]"
tt1248545,3,nm0714698,actor,"[""Phillip Broyles""]"
tt1248545,4,nm0009716,actor,"[""Charlie Francis""]"
tt1248545,5,nm0001974,actress,"[""Nina Sharp""]"
tt1248545,6,nm1896248,actress,"[""Astrid Farnsworth""]"
tt1248545,7,nm0885090,actor,"[""John Scott""]"
tt1248545,8,nm0633604,actor,"[""Dr. Walter Bishop""]"
tt1248545,9,nm0609114,actor,"[""Joseph Meegar""]"
tt1248545,10,nm0048755,actor,"[""Jacob Fischer""]"
tt1248546,1,nm1396022,actress,"[""Olivia Dunham""]"
tt1248546,2,nm0005045,actor,"[""Peter Bishop""]"
tt1248546,3,nm0714698,actor,"[""Phillip Broyles""]"
tt1248546,4,nm0009716,actor,"[""Charlie Francis""]"
tt1248546,5,nm0001974,actress,"[""Nina Sharp""]"
tt1248546,6,nm1896248,actress,"[""Astrid Farnsworth""]"
tt1248546,7,nm0885090,actor,"[""John Scott""]"
tt1248546,8,nm0633604,actor,"[""Dr. Walter Bishop""]"
tt1248546,9,nm0001177,actor,"[""David Esterbrook""]"
tt1248546,10,nm1978694,actress,"[""Emily Kramer""]"
tt1248547,1,nm1396022,actress,"[""Olivia Dunham""]"
tt1248547,2,nm0005045,actor,"[""Peter Bishop""]"
tt1248547,3,nm0714698,actor,"[""Phillip Broyles""]"
tt1248547,4,nm0009716,actor,"[""Charlie Francis""]"
tt1248547,5,nm0001974,actress,"[""Nina Sharp""]"
tt1248547,6,nm1896248,actress,"[""Astrid Farnsworth""]"
tt1248547,7,nm0885090,actor,"[""John Scott""]"
tt1248547,8,nm0633604,actor,"[""Dr. Walter Bishop""]"
tt1248547,9,nm0121605,actor,"[""Lucas Vogel""]"
tt1248547,10,nm0364813,actor,"[""David Robert Jones""]"
tt1248548,1,nm1396022,actress,"[""Olivia Dunham""]"
tt1248548,2,nm0005045,actor,"[""Peter Bishop""]"
tt1248548,3,nm0714698,actor,"[""Phillip Broyles""]"
tt1248548,4,nm0009716,actor,"[""Charlie Francis""]"
tt1248548,5,nm0001974,actress,"[""Nina Sharp""]"
tt1248548,6,nm1896248,actress,"[""Astrid Farnsworth""]"
tt1248548,7,nm0885090,actor,"[""John Scott""]"
tt1248548,8,nm0633604,actor,"[""Dr. Walter Bishop""]"
tt1248548,9,nm0006669,actor,"[""Dr. Sumner""]"
tt1248548,10,nm0453641,actor,"[""Dashiell Kim""]"
tt1248549,1,nm1396022,actress,"[""Olivia Dunham""]"
tt1248549,2,nm0005045,actor,"[""Peter Bishop""]"
tt1248549,3,nm0714698,actor,"[""Phillip Broyles""]"
tt1248549,4,nm0009716,actor,"[""Charlie Francis""]"
tt1248549,5,nm0001974,actress,"[""Nina Sharp""]"
tt1248549,6,nm1896248,actress,"[""Astrid Farnsworth""]"
tt1248549,7,nm0885090,actor,"[""John Scott""]"
tt1248549,8,nm0633604,actor,"[""Dr. Walter Bishop""]"
tt1248549,9,nm0891485,actor,"[""George""]"
tt1248549,10,nm0592874,actress,"[""Tess Amaral""]"
tt1352058,1,nm1396022,actress,"[""Olivia Dunham""]"
tt1352058,2,nm0005045,actor,"[""Peter Bishop""]"
tt1352058,3,nm0714698,actor,"[""Phillip Broyles""]"
tt1352058,4,nm0009716,actor,"[""Charlie Francis""]"
tt1352058,5,nm0001974,actress,"[""Nina Sharp""]"
tt1352058,6,nm1896248,actress,"[""Astrid Farnsworth""]"
tt1352058,7,nm0633604,actor,"[""Dr. Walter Bishop""]"
tt1352058,8,nm0364813,actor,"[""David Robert Jones""]"
tt1352058,9,nm0309461,actor,"[""Sanford Harris""]"
tt1352058,10,nm0063800,actor,"[""FBI Agent""]"
tt1371600,1,nm1396022,actress,"[""Olivia Dunham""]"
tt1371600,2,nm0005045,actor,"[""Peter Bishop""]"
tt1371600,3,nm0714698,actor,"[""Phillip Broyles""]"
tt1371600,4,nm0009716,actor,"[""Charlie Francis""]"
tt1371600,5,nm0001974,actress,"[""Nina Sharp""]"
tt1371600,6,nm1896248,actress,"[""Astrid Farnsworth""]"
tt1371600,7,nm0633604,actor,"[""Dr. Walter Bishop""]"
tt1371600,8,nm0005292,actor,"[""Eliot Michaels""]"
tt1371600,9,nm0310966,actress,"[""Rachel""]"
tt1371600,10,nm1478535,actor,"[""The Child""]"
tt1375588,1,nm1396022,actress,"[""Olivia Dunham""]"
tt1375588,2,nm0005045,actor,"[""Peter Bishop""]"
tt1375588,3,nm0714698,actor,"[""Phillip Broyles""]"
tt1375588,4,nm0009716,actor,"[""Charlie Francis""]"
tt1375588,5,nm0001974,actress,"[""Nina Sharp""]"
tt1375588,6,nm1896248,actress,"[""Astrid Farnsworth""]"
tt1375588,7,nm0633604,actor,"[""Dr. Walter Bishop""]"
tt1375588,8,nm0310966,actress,"[""Rachel""]"
tt1375588,9,nm0686042,actor,"[""Robert Swift""]"
tt1375588,10,nm0633470,actor,"[""Carl Bussler""]"
tt1380404,1,nm1396022,actress,"[""Olivia Dunham""]"
tt1380404,2,nm0005045,actor,"[""Peter Bishop""]"
tt1380404,3,nm0714698,actor,"[""Phillip Broyles""]"
tt1380404,4,nm0009716,actor,"[""Charlie Francis""]"
tt1380404,5,nm0001974,actress,"[""Nina Sharp""]"
tt1380404,6,nm1896248,actress,"[""Astrid Farnsworth""]"
tt1380404,7,nm0633604,actor,"[""Dr. Walter Bishop""]"
tt1380404,8,nm0310966,actress,"[""Rachel""]"
tt1380404,9,nm1964247,actor,"[""Nick Lane""]"
tt1380404,10,nm0333318,actress,"[""Police Detective""]"
tt1390443,1,nm1396022,actress,"[""Olivia Dunham""]"
tt1390443,2,nm0005045,actor,"[""Peter Bishop""]"
tt1390443,3,nm0714698,actor,"[""Phillip Broyles""]"
tt1390443,4,nm0009716,actor,"[""Charlie Francis""]"
tt1390443,5,nm0001974,actress,"[""Nina Sharp""]"
tt1390443,6,nm1896248,actress,"[""Astrid Farnsworth""]"
tt1390443,7,nm0633604,actor,"[""Dr. Walter Bishop""]"
tt1390443,8,nm0310966,actress,"[""Rachel""]"
tt1390443,9,nm0563070,actor,"[""Nicholas Boone""]"
tt1390443,10,nm0242654,actress,"[""Valerie Boone""]"
tt1400652,1,nm1396022,actress,"[""Olivia Dunham""]"
tt1400652,2,nm0005045,actor,"[""Peter Bishop""]"
tt1400652,3,nm0714698,actor,"[""Phillip Broyles""]"
tt1400652,4,nm0009716,actor,"[""Charlie Francis""]"
tt1400652,5,nm0001974,actress,"[""Nina Sharp""]"
tt1400652,6,nm1896248,actress,"[""Astrid Farnsworth""]"
tt1400652,7,nm0633604,actor,"[""Dr. Walter Bishop""]"
tt1400652,8,nm0364813,actor,"[""David Robert Jones""]"
tt1400652,9,nm0148964,actor,"[""The Observer""]"
tt1400652,10,nm0000559,actor,"[""Dr. William Bell""]"
tt1400654,1,nm1396022,actress,"[""Olivia Dunham""]"
tt1400654,2,nm0005045,actor,"[""Peter Bishop""]"
tt1400654,3,nm0714698,actor,"[""Phillip Broyles""]"
tt1400654,4,nm0009716,actor,"[""Charlie Francis""]"
tt1400654,5,nm0001974,actress,"[""Nina Sharp""]"
tt1400654,6,nm1896248,actress,"[""Astrid Farnsworth""]"
tt1400654,7,nm0633604,actor,"[""Dr. Walter Bishop""]"
tt1400654,8,nm0148964,actor,"[""The Observer""]"
tt1400654,9,nm1289484,actress,"[""Susan Pratt""]"
tt1400654,10,nm1289484,actress,"[""Nancy Lewis""]"
tt1400654,11,nm0309461,actor,"[""Sanford Harris""]"
tt1458249,1,nm1396022,actress,"[""Olivia Dunham""]"
tt1458249,2,nm0005045,actor,"[""Peter Bishop""]"
tt1458249,3,nm0714698,actor,"[""Phillip Broyles""]"
tt1458249,4,nm0009716,actor,"[""Charlie Francis""]"
tt1458249,5,nm0001974,actress,"[""Nina Sharp""]"
tt1458249,6,nm1896248,actress,"[""Astrid Farnsworth""]"
tt1458249,7,nm0633604,actor,"[""Dr. Walter Bishop""]"
tt1458249,8,nm0331577,actor,"[""Lloyd Parr""]"
tt1458249,9,nm0310966,actress,"[""Rachel""]"
tt1458249,10,nm0450274,actress,"[""Nurse""]"
tt1461321,1,nm1396022,actress,"[""Olivia Dunham""]"
tt1461321,2,nm0005045,actor,"[""Peter Bishop""]"
tt1461321,3,nm0714698,actor,"[""Phillip Broyles""]"
tt1461321,4,nm0009716,actor,"[""Charlie Francis""]"
tt1461321,5,nm0001974,actress,"[""Nina Sharp""]"
tt1461321,6,nm1896248,actress,"[""Astrid Farnsworth""]"
tt1461321,7,nm0633604,actor,"[""Dr. Walter Bishop""]"
tt1461321,8,nm0180984,actor,"[""Sam Weiss""]"
tt1461321,9,nm1620783,actress,"[""Junior FBI Agent Amy Jessup""]"
tt1461321,10,nm0001698,actor,"[""Andre Hughes""]"
tt1478012,1,nm1396022,actress,"[""Olivia Dunham""]"
tt1478012,2,nm0005045,actor,"[""Peter Bishop""]"
tt1478012,3,nm0714698,actor,"[""Phillip Broyles""]"
tt1478012,4,nm0009716,actor,"[""Charlie Francis""]"
tt1478012,5,nm0001974,actress,"[""Nina Sharp""]"
tt1478012,6,nm1896248,actress,"[""Astrid Farnsworth""]"
tt1478012,7,nm0633604,actor,"[""Dr. Walter Bishop""]"
tt1478012,8,nm0148964,actor,"[""The Observer""]"
tt1478012,9,nm0180984,actor,"[""Sam Weiss""]"
tt1478012,10,nm0565569,actor,"[""Colonel Raymond Gordon""]"
tt1478013,1,nm1396022,actress,"[""Olivia Dunham""]"
tt1478013,2,nm0005045,actor,"[""Peter Bishop""]"
tt1478013,3,nm0714698,actor,"[""Phillip Broyles""]"
tt1478013,4,nm0009716,actor,"[""Charlie Francis""]"
tt1478013,5,nm0001974,actress,"[""Nina Sharp""]"
tt1478013,6,nm1896248,actress,"[""Astrid Farnsworth""]"
tt1478013,7,nm0633604,actor,"[""Dr. Walter Bishop""]"
tt1478013,8,nm0003078,actor,"[""Hybrid""]"
tt1478013,9,nm0003067,actor,"[""Thomas Jerome Newton""]"
tt1478013,10,nm0000622,actress,"[""Rebecca Kibner""]"
tt1494949,1,nm1396022,actress,"[""Olivia Dunham""]"
tt1494949,2,nm0005045,actor,"[""Peter Bishop""]"
tt1494949,3,nm0714698,actor,"[""Phillip Broyles""]"
tt1494949,4,nm0001974,actress,"[""Nina Sharp""]"
tt1494949,5,nm1896248,actress,"[""Astrid Farnsworth""]"
tt1494949,6,nm0633604,actor,"[""Dr. Walter Bishop""]"
tt1494949,7,nm0411570,actor,"[""Tomas""]"
tt1494949,8,nm0100068,actor,"[""Mystery Man""]"
tt1494949,9,nm0687679,actor,"[""Senator James Van Horn""]"
tt1494949,10,nm1328566,actor,"[""CSI Officer""]"
tt1498335,1,nm1396022,actress,"[""Olivia Dunham""]"
tt1498335,2,nm0005045,actor,"[""Peter Bishop""]"
tt1498335,3,nm0714698,actor,"[""Phillip Broyles""]"
tt1498335,4,nm0009716,actor,"[""Charlie Francis""]"
tt1498335,5,nm0001974,actress,"[""Nina Sharp""]"
tt1498335,6,nm1896248,actress,"[""Astrid Farnsworth""]"
tt1498335,7,nm0633604,actor,"[""Dr. Walter Bishop""]"
tt1498335,8,nm0180984,actor,"[""Sam Weiss""]"
tt1498335,9,nm0438500,actor,"[""Dr. Nayak""]"
tt1498335,10,nm0005402,actor,"[""Agent Kashner""]"
tt1504315,1,nm1396022,actress,"[""Olivia Dunham""]"
tt1504315,2,nm0005045,actor,"[""Peter Bishop""]"
tt1504315,3,nm0714698,actor,"[""Phillip Broyles""]"
tt1504315,4,nm0001974,actress,"[""Nina Sharp""]"
tt1504315,5,nm1896248,actress,"[""Astrid Farnsworth""]"
tt1504315,6,nm0633604,actor,"[""Dr. Walter Bishop""]"
tt1504315,7,nm0148964,actor,"[""The Observer""]"
tt1504315,8,nm2598726,actress,"[""Christine Hollis""]"
tt1504315,9,nm1497570,actor,"[""Donald Long""]"
tt1504315,10,nm0940974,actor,"[""August""]"
tt1504316,1,nm1396022,actress,"[""Olivia Dunham""]"
tt1504316,2,nm0005045,actor,"[""Peter Bishop""]"
tt1504316,3,nm0714698,actor,"[""Phillip Broyles""]"
tt1504316,4,nm0001974,actress,"[""Nina Sharp""]"
tt1504316,5,nm1896248,actress,"[""Astrid Farnsworth""]"
tt1504316,6,nm0633604,actor,"[""Dr. Walter Bishop""]"
tt1504316,7,nm1185747,actor,"[""Tyler Carson""]"
tt1504316,8,nm0014803,actor,"[""Dr. Carson""]"
tt1504316,9,nm0301925,actor,"[""Dobbins""]"
tt1504316,10,nm0068160,actor,"[""Officer Gibson""]"
tt1537132,1,nm1396022,actress,"[""Olivia Dunham""]"
tt1537132,2,nm0005045,actor,"[""Peter Bishop""]"
tt1537132,3,nm0714698,actor,"[""Phillip Broyles""]"
tt1537132,4,nm0009716,actor,"[""Charlie Francis""]"
tt1537132,5,nm0001974,actress,"[""Nina Sharp""]"
tt1537132,6,nm1896248,actress,"[""Astrid Farnsworth""]"
tt1537132,7,nm0633604,actor,"[""Dr. Walter Bishop""]"
tt1537132,8,nm0137856,actress,"[""Maureen Donovan""]"
tt1537132,9,nm2450512,actress,"[""Lisa Donovan""]"
tt1537132,10,nm0661755,actress,"[""Teresa Rusk""]"
tt1537133,1,nm1396022,actress,"[""Olivia Dunham""]"
tt1537133,2,nm0005045,actor,"[""Peter Bishop""]"
tt1537133,3,nm0714698,actor,"[""Phillip Broyles""]"
tt1537133,4,nm0001974,actress,"[""Nina Sharp""]"
tt1537133,5,nm1896248,actress,"[""Astrid Farnsworth""]"
tt1537133,6,nm0633604,actor,"[""Dr. Walter Bishop""]"
tt1537133,7,nm0642259,actor,"[""Sheriff Velchik""]"
tt1537133,8,nm0192024,actor,"[""Joe Falls""]"
tt1537133,9,nm0416699,actor,"[""Teddy Falls""]"
tt1537133,10,nm0579728,actress,"[""Rose Falls""]"
tt1537134,1,nm1396022,actress,"[""Olivia Dunham""]"
tt1537134,2,nm0005045,actor,"[""Peter Bishop""]"
tt1537134,3,nm0714698,actor,"[""Phillip Broyles""]"
tt1537134,4,nm0001974,actress,"[""Nina Sharp""]"
tt1537134,5,nm1896248,actress,"[""Astrid Farnsworth""]"
tt1537134,6,nm0633604,actor,"[""Dr. Walter Bishop""]"
tt1537134,7,nm0682762,actor,"[""Arnold McFadden""]"
tt1537134,8,nm0055567,actor,"[""Agent Hubert""]"
tt1537134,9,nm0167626,actor,"[""Vincent Ames""]"
tt1537134,10,nm0853573,actress,"[""Linda""]"
tt1537135,1,nm1396022,actress,"[""Olivia Dunham""]"
tt1537135,2,nm0005045,actor,"[""Peter Bishop""]"
tt1537135,3,nm0714698,actor,"[""Phillip Broyles""]"
tt1537135,4,nm0001974,actress,"[""Nina Sharp""]"
tt1537135,5,nm1896248,actress,"[""Astrid Farnsworth""]"
tt1537135,6,nm0633604,actor,"[""Dr. Walter Bishop""]"
tt1537135,7,nm0949424,actor,"[""Alfred Hoffman""]"
tt1537135,8,nm0585485,actor,"[""Edward Markham""]"
tt1537135,9,nm3361901,actor,"[""George""]"
tt1537135,10,nm0040926,actress,"[""Amanda""]"
tt1537136,1,nm1396022,actress,"[""Olivia Dunham""]"
tt1537136,2,nm0005045,actor,"[""Peter Bishop""]"
tt1537136,3,nm0714698,actor,"[""Phillip Broyles""]"
tt1537136,4,nm0001974,actress,"[""Nina Sharp""]"
tt1537136,5,nm1896248,actress,"[""Astrid Farnsworth""]"
tt1537136,6,nm0633604,actor,"[""Dr. Walter Bishop""]"
tt1537136,7,nm0874082,actor,"[""Ted Pratchett""]"
tt1537136,8,nm0249550,actress,"[""Pauline Hess""]"
tt1537136,9,nm3832802,actress,"[""Young Olivia""]"
tt1537136,10,nm1065187,actress,"[""Paramedic #2""]"
tt1537137,1,nm1396022,actress,"[""Olivia Dunham""]"
tt1537137,2,nm0005045,actor,"[""Peter Bishop""]"
tt1537137,3,nm0714698,actor,"[""Phillip Broyles""]"
tt1537137,4,nm0001974,actress,"[""Nina Sharp""]"
tt1537137,5,nm1896248,actress,"[""Astrid Farnsworth""]"
tt1537137,6,nm0633604,actor,"[""Dr. Walter Bishop""]"
tt1537137,7,nm0633604,actor,"[""Walternate""]"
tt1537137,8,nm0089093,actress,"[""Dr. Carla Warren""]"
tt1537137,9,nm0103699,actress,"[""Alternate Elizabeth Bishop""]"
tt1537137,10,nm0148964,actor,"[""September""]"
tt1537137,11,nm0940974,actor,"[""August""]"
tt1537138,1,nm1396022,actress,"[""Olivia Dunham""]"
tt1537138,2,nm0005045,actor,"[""Peter Bishop""]"
tt1537138,3,nm0714698,actor,"[""Phillip Broyles""]"
tt1537138,4,nm0001974,actress,"[""Nina Sharp""]"
tt1537138,5,nm1896248,actress,"[""Astrid Farnsworth""]"
tt1537138,6,nm0633604,actor,"[""Dr. Walter Bishop""]"
tt1537138,7,nm0180984,actor,"[""Sam Weiss""]"
tt1537138,8,nm1272540,actor,"[""Neil""]"
tt1537138,9,nm0057626,actress,"[""Mrs. Lane""]"
tt1537138,10,nm1388735,actor,"[""Ken Messing""]"
tt1537139,1,nm1396022,actress,"[""Olivia Dunham""]"
tt1537139,2,nm0005045,actor,"[""Peter Bishop""]"
tt1537139,3,nm0714698,actor,"[""Phillip Broyles""]"
tt1537139,4,nm0001974,actress,"[""Nina Sharp""]"
tt1537139,5,nm1896248,actress,"[""Astrid Farnsworth""]"
tt1537139,6,nm0633604,actor,"[""Dr. Walter Bishop""]"
tt1537139,7,nm0000693,actor,"[""Alistair Peck""]"
tt1537139,8,nm0755499,actress,"[""Carol Bryce""]"
tt1537139,9,nm2955595,actress,"[""Waitress""]"
tt1537139,10,nm3385467,actor,"[""ND Agent""]"
tt1537139,11,nm3385467,actor,"[""Agent #2""]"
tt1537548,1,nm1396022,actress,"[""Olivia Dunham""]"
tt1537548,2,nm0005045,actor,"[""Peter Bishop""]"
tt1537548,3,nm0714698,actor,"[""Phillip Broyles""]"
tt1537548,4,nm0001974,actress,"[""Nina Sharp""]"
tt1537548,5,nm1896248,actress,"[""Astrid Farnsworth""]"
tt1537548,6,nm0633604,actor,"[""Dr. Walter Bishop""]"
tt1537548,7,nm0036261,actress,"[""Dr. West""]"
tt1537548,8,nm0003078,actor,"[""Smith""]"
tt1537548,9,nm0675114,actor,"[""Joseph Slater""]"
tt1537548,10,nm0003067,actor,"[""Thomas Jerome Newton""]"
tt1537549,1,nm1396022,actress,"[""Olivia Dunham""]"
tt1537549,2,nm0005045,actor,"[""Peter Bishop""]"
tt1537549,3,nm0714698,actor,"[""Phillip Broyles""]"
tt1537549,4,nm0001974,actress,"[""Nina Sharp""]"
tt1537549,5,nm1896248,actress,"[""Astrid Farnsworth""]"
tt1537549,6,nm0633604,actor,"[""Dr. Walter Bishop""]"
tt1537549,7,nm0002245,actor,"[""Ming Che""]"
tt1537549,8,nm2035678,actor,"[""Matt Jarvis""]"
tt1537549,9,nm0868330,actress,"[""Elizabeth Jarvis""]"
tt1537549,10,nm1555268,actor,"[""Tao Chen""]"
tt1595401,1,nm1396022,actress,"[""Olivia Dunham""]"
tt1595401,2,nm0005045,actor,"[""Peter Bishop""]"
tt1595401,3,nm0714698,actor,"[""Phillip Broyles""]"
tt1595401,4,nm0001974,actress,"[""Nina Sharp""]"
tt1595401,5,nm1896248,actress,"[""Astrid Farnsworth""]"
tt1595401,6,nm0633604,actor,"[""Dr. Walter Bishop""]"
tt1595401,7,nm0003067,actor,"[""Thomas Jerome Newton""]"
tt1595401,8,nm1222820,actor,"[""Brandon Fayette""]"
tt1595401,9,nm0117206,actor,"[""Ben McCalister""]"
tt1595401,10,nm3818748,actress,"[""Jill""]"
tt1595402,1,nm1396022,actress,"[""Olivia Dunham""]"
tt1595402,2,nm0005045,actor,"[""Peter Bishop""]"
tt1595402,3,nm0714698,actor,"[""Phillip Broyles""]"
tt1595402,4,nm0001974,actress,"[""Nina Sharp""]"
tt1595402,5,nm1896248,actress,"[""Astrid Farnsworth""]"
tt1595402,6,nm1896248,actress,"[""Esther Figglesworth""]"
tt1595402,7,nm0633604,actor,"[""Dr. Walter Bishop""]"
tt1595402,8,nm0148964,actor,"[""September""]"
tt1595402,9,nm0148964,actor,"[""Gemini""]"
tt1595402,10,nm0310966,actress,"[""Rachel""]"
tt1595402,11,nm0310966,actress,"[""Kelsie""]"
tt1595402,12,nm1222820,actor,"[""Brandon Fayette""]"
tt1595402,13,nm1425780,actress,"[""Ella""]"
tt1616753,1,nm1396022,actress,"[""Olivia Dunham""]"
tt1616753,2,nm0005045,actor,"[""Peter Bishop""]"
tt1616753,3,nm0714698,actor,"[""Phillip Broyles""]"
tt1616753,4,nm0001974,actress,"[""Nina Sharp""]"
tt1616753,5,nm1896248,actress,"[""Astrid Farnsworth""]"
tt1616753,6,nm0633604,actor,"[""Dr. Walter Bishop""]"
tt1616753,7,nm0000588,actress,"[""Sheriff Ann Mathis""]"
tt1616753,8,nm0003067,actor,"[""Thomas Jerome Newton""]"
tt1616753,9,nm0154000,actress,"[""Krista Manning""]"
tt1616753,10,nm1112955,actor,"[""Deputy Bill Ferguson""]"
tt1616754,1,nm1396022,actress,"[""Olivia Dunham""]"
tt1616754,2,nm1396022,actress,"[""Alternate Olivia Dunham""]"
tt1616754,3,nm0005045,actor,"[""Peter Bishop""]"
tt1616754,4,nm0714698,actor,"[""Phillip Broyles""]"
tt1616754,5,nm0714698,actor,"[""Alternate Phillip Broyles""]"
tt1616754,6,nm0001974,actress,"[""Nina Sharp""]"
tt1616754,7,nm1896248,actress,"[""Astrid Farnsworth""]"
tt1616754,8,nm1896248,actress,"[""Alternate Astrid Farnsworth""]"
tt1616754,9,nm0633604,actor,"[""Dr. Walter Bishop""]"
tt1616754,10,nm0633604,actor,"[""Walternate""]"
tt1616754,11,nm0103699,actress,"[""Alternate Elizabeth Bishop""]"
tt1616754,12,nm1964247,actor,"[""Nick Lane""]"
tt1616754,13,nm0181787,actor,"[""Alternate Lincoln Lee""]"
tt1616754,14,nm0310966,actress,"[""Rachel""]"
tt1634617,1,nm1396022,actress,"[""Olivia Dunham""]"
tt1634617,2,nm1396022,actress,"[""Alternate Olivia Dunham""]"
tt1634617,3,nm0005045,actor,"[""Peter Bishop""]"
tt1634617,4,nm0714698,actor,"[""Phillip Broyles""]"
tt1634617,5,nm0714698,actor,"[""Alternate Phillip Broyles""]"
tt1634617,6,nm0001974,actress,"[""Nina Sharp""]"
tt1634617,7,nm1896248,actress,"[""Astrid Farnsworth""]"
tt1634617,8,nm1896248,actress,"[""Alternate Astrid Farnsworth""]"
tt1634617,9,nm0633604,actor,"[""Dr. Walter Bishop""]"
tt1634617,10,nm0633604,actor,"[""Walternate""]"
tt1634617,11,nm0009716,actor,"[""Alternate Charlie Francis""]"
tt1634617,12,nm0000559,actor,"[""Dr. William Bell""]"
tt1634617,13,nm0036275,actor,"[""Store Owner""]"
tt1634617,14,nm0212508,actress,"[""Attendant""]"
tt1635941,1,nm1396022,actress,"[""Olivia Dunham""]"
tt1635941,2,nm1396022,actress,"[""Alternate Olivia Dunham""]"
tt1635941,3,nm0005045,actor,"[""Peter Bishop""]"
tt1635941,4,nm0714698,actor,"[""Phillip Broyles""]"
tt1635941,5,nm0714698,actor,"[""Alternate Phillip Broyles""]"
tt1635941,6,nm0001974,actress,"[""Nina Sharp""]"
tt1635941,7,nm1896248,actress,"[""Alternate Astrid Farnsworth""]"
tt1635941,8,nm0633604,actor,"[""Dr. Walter Bishop""]"
tt1635941,9,nm0633604,actor,"[""Walternate""]"
tt1635941,10,nm0181787,actor,"[""Alternate Lincoln Lee""]"
tt1635941,11,nm0001496,actress,"[""Marilyn Dunham""]"
tt1635941,12,nm0747420,actor,"[""Henry Arliss Higgins""]"
tt1635941,13,nm0934618,actor,"[""Frank Stanton""]"
tt1635942,1,nm1396022,actress,"[""Olivia Dunham""]"
tt1635942,2,nm0005045,actor,"[""Peter Bishop""]"
tt1635942,3,nm0714698,actor,"[""Phillip Broyles""]"
tt1635942,4,nm0001974,actress,"[""Nina Sharp""]"
tt1635942,5,nm1896248,actress,"[""Astrid Farnsworth""]"
tt1635942,6,nm0633604,actor,"[""Dr. Walter Bishop""]"
tt1635942,7,nm0148964,actor,"[""September""]"
tt1635942,8,nm0000502,actor,"[""Roscoe Joyce""]"
tt1635942,9,nm2225945,actress,"[""Adorable Old Woman""]"
tt1635942,10,nm2138746,actress,"[""Victoria DiMiri""]"
tt1635943,1,nm1396022,actress,"[""Olivia Dunham""]"
tt1635943,2,nm0005045,actor,"[""Peter Bishop""]"
tt1635943,3,nm0714698,actor,"[""Phillip Broyles""]"
tt1635943,4,nm0001974,actress,"[""Nina Sharp""]"
tt1635943,5,nm1896248,actress,"[""Astrid Farnsworth""]"
tt1635943,6,nm0633604,actor,"[""Dr. Walter Bishop""]"
tt1635943,7,nm0076702,actor,"[""Zach Alpert""]"
tt1635943,8,nm1222820,actor,"[""Brandon Fayette""]"
tt1635943,9,nm0663174,actor,"[""Dr. James Falcon""]"
tt1635943,10,nm2833282,actor,"[""Tech""]"
tt1635944,1,nm1396022,actress,"[""Olivia Dunham""]"
tt1635944,2,nm0005045,actor,"[""Peter Bishop""]"
tt1635944,3,nm0714698,actor,"[""Phillip Broyles""]"
tt1635944,4,nm0001974,actress,"[""Nina Sharp""]"
tt1635944,5,nm1896248,actress,"[""Astrid Farnsworth""]"
tt1635944,6,nm0633604,actor,"[""Dr. Walter Bishop""]"
tt1635944,7,nm1859475,actor,"[""Simon Phillips""]"
tt1635944,8,nm0180984,actor,"[""Sam Weiss""]"
tt1635944,9,nm0100068,actor,"[""CIA Agent Edwards""]"
tt1635944,10,nm0860309,actress,"[""Sara Downey""]"
tt1635945,1,nm1396022,actress,"[""Alternate Olivia Dunham""]"
tt1635945,2,nm0005045,actor,"[""Peter Bishop""]"
tt1635945,3,nm0714698,actor,"[""Phillip Broyles""]"
tt1635945,4,nm0001974,actress,"[""Nina Sharp""]"
tt1635945,5,nm1896248,actress,"[""Alternate Astrid Farnsworth""]"
tt1635945,6,nm0633604,actor,"[""Dr. Walter Bishop""]"
tt1635945,7,nm0633604,actor,"[""Walternate""]"
tt1635945,8,nm0009530,actor,"[""Dr. Armand Silva""]"
tt1635945,9,nm0181787,actor,"[""Alternate Lincoln Lee""]"
tt1635945,10,nm0934618,actor,"[""Frank Stanton""]"
tt1635945,11,nm1617837,actress,"[""Mona Foster""]"
tt1635946,1,nm1396022,actress,"[""Olivia Dunham""]"
tt1635946,2,nm1396022,actress,"[""Alternate Olivia Dunham""]"
tt1635946,3,nm0005045,actor,"[""Peter Bishop""]"
tt1635946,4,nm0714698,actor,"[""Phillip Broyles""]"
tt1635946,5,nm0001974,actress,"[""Nina Sharp""]"
tt1635946,6,nm1896248,actress,"[""Astrid Farnsworth""]"
tt1635946,7,nm0633604,actor,"[""Dr. Walter Bishop""]"
tt1635946,8,nm0181787,actor,"[""Alternate Lincoln Lee""]"
tt1635946,9,nm0813902,actress,"[""Alice Merchant""]"
tt1635946,10,nm0688285,actor,"[""Derek Merchant""]"
tt1635946,11,nm1222820,actor,"[""Brandon Fayette""]"
tt1635947,1,nm1396022,actress,"[""Olivia Dunham""]"
tt1635947,2,nm0005045,actor,"[""Peter Bishop""]"
tt1635947,3,nm0714698,actor,"[""Phillip Broyles""]"
tt1635947,4,nm0001974,actress,"[""Nina Sharp""]"
tt1635947,5,nm1896248,actress,"[""Astrid Farnsworth""]"
tt1635947,6,nm0633604,actor,"[""Dr. Walter Bishop""]"
tt1635947,7,nm0633604,actor,"[""Walternate""]"
tt1635947,8,nm0103699,actress,"[""Alternate Elizabeth Bishop""]"
tt1635947,9,nm2425105,actor,"[""Young Peter Bishop""]"
tt1635947,10,nm2398694,actress,"[""Young Olivia Dunham""]"
tt1635947,11,nm0715091,actress,"[""Ashley""]"
tt1635948,1,nm1396022,actress,"[""Olivia Dunham""]"
tt1635948,2,nm1396022,actress,"[""William Bell""]"
tt1635948,3,nm0005045,actor,"[""Peter Bishop""]"
tt1635948,4,nm0714698,actor,"[""Phillip Broyles""]"
tt1635948,5,nm0001974,actress,"[""Nina Sharp""]"
tt1635948,6,nm1896248,actress,"[""Astrid Farnsworth""]"
tt1635948,7,nm0633604,actor,"[""Dr. Walter Bishop""]"
tt1635948,8,nm1625795,actor,"[""Vince""]"
tt1635948,9,nm0001688,actor,"[""Dr. Krick""]"
tt1635948,10,nm0193987,actor,"[""FBI Tactical Agent""]"
tt1635948,11,nm0341531,actor,"[""Museum Security Guard""]"
tt1635949,1,nm1396022,actress,"[""Olivia Dunham""]"
tt1635949,2,nm1396022,actress,"[""William Bell""]"
tt1635949,3,nm0005045,actor,"[""Peter Bishop""]"
tt1635949,4,nm0714698,actor,"[""Phillip Broyles""]"
tt1635949,5,nm0001974,actress,"[""Nina Sharp""]"
tt1635949,6,nm1896248,actress,"[""Astrid Farnsworth""]"
tt1635949,7,nm0633604,actor,"[""Dr. Walter Bishop""]"
tt1635949,8,nm0181787,actor,"[""Lincoln Lee""]"
tt1635949,9,nm0539155,actress,"[""Dana Gray""]"
tt1635949,10,nm0019997,actress,"[""Landlady""]"
tt1635949,11,nm0136802,actor,"[""Jim""]"
tt1635950,1,nm1396022,actress,"[""Alternate Olivia Dunham""]"
tt1635950,2,nm0005045,actor,"[""Peter Bishop""]"
tt1635950,3,nm0714698,actor,"[""Phillip Broyles""]"
tt1635950,4,nm0001974,actress,"[""Nina Sharp""]"
tt1635950,5,nm1896248,actress,"[""Alternate Astrid Farnsworth""]"
tt1635950,6,nm0633604,actor,"[""Dr. Walter Bishop""]"
tt1635950,7,nm0633604,actor,"[""Walternate""]"
tt1635950,8,nm0148964,actor,"[""September""]"
tt1635950,9,nm0181787,actor,"[""Alternate Lincoln Lee""]"
tt1635950,10,nm0001496,actress,"[""Marilyn Dunham""]"
tt1635950,11,nm0747420,actor,"[""Henry Arliss Higgins""]"
tt1635951,1,nm1396022,actress,"[""Olivia Dunham""]"
tt1635951,2,nm1396022,actress,"[""William Bell""]"
tt1635951,3,nm0005045,actor,"[""Peter Bishop""]"
tt1635951,4,nm0714698,actor,"[""Phillip Broyles""]"
tt1635951,5,nm0001974,actress,"[""Nina Sharp""]"
tt1635951,6,nm1896248,actress,"[""Astrid Farnsworth""]"
tt1635951,7,nm0633604,actor,"[""Dr. Walter Bishop""]"
tt1635951,8,nm1222820,actor,"[""Brandon Fayette""]"
tt1635951,9,nm0860947,actor,"[""Man in Zeppelin, aka Mr X""]"
tt1635951,10,nm0000559,actor,"[""Dr. William Bell""]"
tt1635951,11,nm3250219,actress,"[""Nurse #1""]"
tt1635952,1,nm1396022,actress,"[""Alternate Olivia Dunham""]"
tt1635952,2,nm0005045,actor,"[""Peter Bishop""]"
tt1635952,3,nm0714698,actor,"[""Phillip Broyles""]"
tt1635952,4,nm0001974,actress,"[""Nina Sharp""]"
tt1635952,5,nm1896248,actress,"[""Astrid Farnsworth""]"
tt1635952,6,nm0633604,actor,"[""Dr. Walter Bishop""]"
tt1635952,7,nm2341751,actor,"[""Joe""]"
tt1635952,8,nm0003067,actor,"[""Thomas Jerome Newton""]"
tt1635952,9,nm1152538,actor,"[""Mitch""]"
tt1635952,10,nm1004124,actor,"[""Darryl""]"
tt1635953,1,nm1396022,actress,"[""Olivia Dunham""]"
tt1635953,2,nm1396022,actress,"[""Alternate Olivia Dunham""]"
tt1635953,3,nm0005045,actor,"[""Peter Bishop""]"
tt1635953,4,nm0714698,actor,"[""Phillip Broyles""]"
tt1635953,5,nm0001974,actress,"[""Nina Sharp""]"
tt1635953,6,nm1896248,actress,"[""Astrid Farnsworth""]"
tt1635953,7,nm0633604,actor,"[""Dr. Walter Bishop""]"
tt1635953,8,nm0633604,actor,"[""Walternate""]"
tt1635953,9,nm0180984,actor,"[""Sam Weiss""]"
tt1635953,10,nm0181787,actor,"[""Alternate Lincoln Lee""]"
tt1635953,11,nm1222820,actor,"[""Alternate Brandon Fayette""]"
tt1635953,12,nm0009964,actor,"[""ER Doctor""]"
tt1635954,1,nm1396022,actress,"[""Olivia Dunham""]"
tt1635954,2,nm0005045,actor,"[""Peter Bishop""]"
tt1635954,3,nm0714698,actor,"[""Phillip Broyles""]"
tt1635954,4,nm0001974,actress,"[""Nina Sharp""]"
tt1635954,5,nm1896248,actress,"[""Astrid Farnsworth""]"
tt1635954,6,nm0633604,actor,"[""Dr. Walter Bishop""]"
tt1635954,7,nm0633604,actor,"[""Walternate""]"
tt1635954,8,nm0180984,actor,"[""Sam Weiss""]"
tt1635954,9,nm1222820,actor,"[""Alternate Brandon Fayette""]"
tt1635954,10,nm3703274,actress,"[""Tech""]"
tt1635954,11,nm2060485,actor,"[""Guard""]"
tt1635955,1,nm1396022,actress,"[""Olivia Dunham""]"
tt1635955,2,nm1396022,actress,"[""Alternate Olivia Dunham""]"
tt1635955,3,nm0005045,actor,"[""Peter Bishop""]"
tt1635955,4,nm0714698,actor,"[""Phillip Broyles""]"
tt1635955,5,nm0001974,actress,"[""Nina Sharp""]"
tt1635955,6,nm1896248,actress,"[""Astrid Farnsworth""]"
tt1635955,7,nm0633604,actor,"[""Dr. Walter Bishop""]"
tt1635955,8,nm0633604,actor,"[""Walternate""]"
tt1635955,9,nm0148964,actor,"[""September""]"
tt1635955,10,nm0000374,actor,"[""Moreau""]"
tt1635955,11,nm1222820,actor,"[""Brandon Fayette""]"
tt1635955,12,nm1222820,actor,"[""Alternate Brandon Fayette""]"
tt1635955,13,nm2007030,actress,"[""Ella Dunham""]"
tt1635956,1,nm1396022,actress,"[""Olivia Dunham""]"
tt1635956,2,nm0005045,actor,"[""Peter Bishop""]"
tt1635956,3,nm0714698,actor,"[""Alternate Phillip Broyles""]"
tt1635956,4,nm0001974,actress,"[""Nina Sharp""]"
tt1635956,5,nm1896248,actress,"[""Alternate Astrid Farnsworth""]"
tt1635956,6,nm0633604,actor,"[""Dr. Walter Bishop""]"
tt1635956,7,nm0633604,actor,"[""Walternate""]"
tt1635956,8,nm1002664,actor,"[""Milo""]"
tt1635956,9,nm0181787,actor,"[""Alternate Lincoln Lee""]"
tt1635956,10,nm0934618,actor,"[""Frank Stanton""]"
tt1635956,11,nm1222820,actor,"[""Alternate Brandon Fayette""]"
tt1635957,1,nm1396022,actress,"[""Alternate Olivia Dunham""]"
tt1635957,2,nm0005045,actor,"[""Peter Bishop""]"
tt1635957,3,nm0714698,actor,"[""Phillip Broyles""]"
tt1635957,4,nm0001974,actress,"[""Nina Sharp""]"
tt1635957,5,nm1896248,actress,"[""Astrid Farnsworth""]"
tt1635957,6,nm0633604,actor,"[""Dr. Walter Bishop""]"
tt1635957,7,nm0168213,actress,"[""Patricia Van Horn""]"
tt1635957,8,nm0316078,actor,"[""Ray Duffy""]"
tt1635957,9,nm0687679,actor,"[""Senator James Van Horn""]"
tt1635957,10,nm0003067,actor,"[""Thomas Jerome Newton""]"
tt1635958,1,nm1396022,actress,"[""Olivia Dunham""]"
tt1635958,2,nm0005045,actor,"[""Peter Bishop""]"
tt1635958,3,nm0714698,actor,"[""Alternate Phillip Broyles""]"
tt1635958,4,nm0001974,actress,"[""Nina Sharp""]"
tt1635958,5,nm1896248,actress,"[""Alternate Astrid Farnsworth""]"
tt1635958,6,nm0633604,actor,"[""Dr. Walter Bishop""]"
tt1635958,7,nm0633604,actor,"[""Walternate""]"
tt1635958,8,nm0039148,actor,"[""Matthew Rose""]"
tt1635958,9,nm0039162,actor,"[""Joshua Rose""]"
tt1635958,10,nm0181787,actor,"[""Alternate Lincoln Lee""]"
tt1635958,11,nm0001496,actress,"[""Marilyn Dunham""]"
tt1635959,1,nm1396022,actress,"[""Alternate Olivia Dunham""]"
tt1635959,2,nm1396022,actress,"[""Olivia Dunham""]"
tt1635959,3,nm0005045,actor,"[""Peter Bishop""]"
tt1635959,4,nm0714698,actor,"[""Phillip Broyles""]"
tt1635959,5,nm0001974,actress,"[""Nina Sharp""]"
tt1635959,6,nm1896248,actress,"[""Astrid Farnsworth""]"
tt1635959,7,nm0633604,actor,"[""Dr. Walter Bishop""]"
tt1635959,8,nm0918858,actor,"[""Gemini""]"
tt1635959,9,nm0918858,actor,"[""Joseph Feller""]"
tt1635959,10,nm1222820,actor,"[""Alternate Brandon Fayette""]"
tt1635959,11,nm0585485,actor,"[""Edward Markham""]"
tt1635959,12,nm0009811,actor,"[""Murray Harkins""]"
tt1635960,1,nm1396022,actress,"[""Olivia Dunham""]"
tt1635960,2,nm1396022,actress,"[""Alternate Olivia Dunham""]"
tt1635960,3,nm0005045,actor,"[""Peter Bishop""]"
tt1635960,4,nm0714698,actor,"[""Alternate Phillip Broyles""]"
tt1635960,5,nm0001974,actress,"[""Nina Sharp""]"
tt1635960,6,nm1896248,actress,"[""Alternate Astrid Farnsworth""]"
tt1635960,7,nm0633604,actor,"[""Dr. Walter Bishop""]"
tt1635960,8,nm0633604,actor,"[""Walternate""]"
tt1635960,9,nm0181787,actor,"[""Alternate Lincoln Lee""]"
tt1635960,10,nm0745194,actor,"[""Wyatt Toomy""]"
tt1635960,11,nm0747420,actor,"[""Henry Arliss Higgins""]"
tt1635960,12,nm3272464,actor,"[""Christopher Broyles""]"
tt1635961,1,nm1396022,actress,"[""Olivia Dunham""]"
tt1635961,2,nm1396022,actress,"[""Alternate Olivia Dunham""]"
tt1635961,3,nm0005045,actor,"[""Peter Bishop""]"
tt1635961,4,nm0714698,actor,"[""Phillip Broyles""]"
tt1635961,5,nm0714698,actor,"[""Alternate Phillip Broyles""]"
tt1635961,6,nm0001974,actress,"[""Nina Sharp""]"
tt1635961,7,nm1896248,actress,"[""Astrid Farnsworth""]"
tt1635961,8,nm1896248,actress,"[""Alternate Astrid Farnsworth""]"
tt1635961,9,nm0633604,actor,"[""Dr. Walter Bishop""]"
tt1635961,10,nm0633604,actor,"[""Walternate""]"
tt1635961,11,nm0144307,actor,"[""The Librarian""]"
tt1635961,12,nm0181787,actor,"[""Alternate Lincoln Lee""]"
tt1635961,13,nm1222820,actor,"[""Alternate Brandon Fayette""]"
tt1635961,14,nm3141458,actor,"[""Alt. Bartender""]"
tt1635962,1,nm1396022,actress,"[""Olivia Dunham""]"
tt1635962,2,nm0005045,actor,"[""Peter Bishop""]"
tt1635962,3,nm0714698,actor,"[""Phillip Broyles""]"
tt1635962,4,nm0001974,actress,"[""Nina Sharp""]"
tt1635962,5,nm1896248,actress,"[""Astrid Farnsworth""]"
tt1635962,6,nm0633604,actor,"[""Dr. Walter Bishop""]"
tt1635962,7,nm0148964,actor,"[""September""]"
tt1635962,8,nm0411980,actor,"[""Roland David Barrett""]"
tt1635962,9,nm0879148,actress,"[""Mrs. Walsh""]"
tt1635962,10,nm2338670,actor,"[""Grant Russo""]"
tt1942299,1,nm1396022,actress,"[""Olivia Dunham""]"
tt1942299,2,nm1396022,actress,"[""Alternate Olivia Dunham""]"
tt1942299,3,nm0005045,actor,"[""Peter Bishop""]"
tt1942299,4,nm0714698,actor,"[""Phillip Broyles""]"
tt1942299,5,nm0001974,actress,"[""Nina Sharp""]"
tt1942299,6,nm1896248,actress,"[""Astrid Farnsworth""]"
tt1942299,7,nm0181787,actor,"[""Lincoln Lee""]"
tt1942299,8,nm0633604,actor,"[""Dr. Walter Bishop""]"
tt1942299,9,nm0148964,actor,"[""September""]"
tt1942299,10,nm0281167,actor,"[""Robert Danzig""]"
tt1942299,11,nm0472891,actress,"[""Nadine Park""]"
tt1974629,1,nm1396022,actress,"[""Olivia Dunham""]"
tt1974629,2,nm1396022,actress,"[""Alternate Olivia Dunham""]"
tt1974629,3,nm0005045,actor,"[""Peter Bishop""]"
tt1974629,4,nm0714698,actor,"[""Phillip Broyles""]"
tt1974629,5,nm0714698,actor,"[""Alternate Phillip Broyles""]"
tt1974629,6,nm0001974,actress,"[""Nina Sharp""]"
tt1974629,7,nm1896248,actress,"[""Astrid Farnsworth""]"
tt1974629,8,nm0181787,actor,"[""Lincoln Lee""]"
tt1974629,9,nm0181787,actor,"[""Alternate Lincoln Lee""]"
tt1974629,10,nm0633604,actor,"[""Dr. Walter Bishop""]"
tt1974629,11,nm0701561,actor,"[""John McClennan""]"
tt1974629,12,nm0010956,actress,"[""Noreen Miller""]"
tt1974629,13,nm2263846,actor,"[""Agent Perez""]"
tt1998676,1,nm1396022,actress,"[""Olivia Dunham""]"
tt1998676,2,nm0005045,actor,"[""Peter Bishop""]"
tt1998676,3,nm0714698,actor,"[""Phillip Broyles""]"
tt1998676,4,nm0001974,actress,"[""Nina Sharp""]"
tt1998676,5,nm1896248,actress,"[""Astrid Farnsworth""]"
tt1998676,6,nm0181787,actor,"[""Lincoln Lee""]"
tt1998676,7,nm0633604,actor,"[""Dr. Walter Bishop""]"
tt1998676,8,nm3909032,actor,"[""Aaron Sneddon""]"
tt1998676,9,nm0006669,actor,"[""Dr. Sumner""]"
tt1998676,10,nm0152113,actor,"[""Morgue Worker #2""]"
tt2032721,1,nm1396022,actress,"[""Olivia Dunham""]"
tt2032721,2,nm0005045,actor,"[""Peter Bishop""]"
tt2032721,3,nm0714698,actor,"[""Phillip Broyles""]"
tt2032721,4,nm0001974,actress,"[""Nina Sharp""]"
tt2032721,5,nm1896248,actress,"[""Astrid Farnsworth""]"
tt2032721,6,nm0181787,actor,"[""Lincoln Lee""]"
tt2032721,7,nm0633604,actor,"[""Dr. Walter Bishop""]"
tt2032721,8,nm1569276,actor,"[""Cameron James""]"
tt2032721,9,nm0203728,actress,"[""Landlady""]"
tt2032721,10,nm2030052,actress,"[""Older Waitress""]"
tt2032722,1,nm1396022,actress,"[""Olivia Dunham""]"
tt2032722,2,nm0005045,actor,"[""Peter Bishop""]"
tt2032722,3,nm0714698,actor,"[""Phillip Broyles""]"
tt2032722,4,nm0001974,actress,"[""Nina Sharp""]"
tt2032722,5,nm1896248,actress,"[""Astrid Farnsworth""]"
tt2032722,6,nm0181787,actor,"[""Lincoln Lee""]"
tt2032722,7,nm0633604,actor,"[""Dr. Walter Bishop""]"
tt2032722,8,nm0343325,actor,"[""Malcolm Truss""]"
tt2032722,9,nm0472891,actress,"[""Nadine Park""]"
tt2032722,10,nm3864243,actor,"[""Gas Station Attendant""]"
tt2032723,1,nm1396022,actress,"[""Olivia Dunham""]"
tt2032723,2,nm0005045,actor,"[""Peter Bishop""]"
tt2032723,3,nm0714698,actor,"[""Phillip Broyles""]"
tt2032723,4,nm0001974,actress,"[""Nina Sharp""]"
tt2032723,5,nm1896248,actress,"[""Astrid Farnsworth""]"
tt2032723,6,nm0181787,actor,"[""Lincoln Lee""]"
tt2032723,7,nm0633604,actor,"[""Dr. Walter Bishop""]"
tt2032723,8,nm0740535,actor,"[""Raymond""]"
tt2032723,9,nm0741891,actress,"[""Kate""]"
tt2032723,10,nm0081197,actress,"[""Anne""]"
tt2032724,1,nm1396022,actress,"[""Olivia Dunham""]"
tt2032724,2,nm0005045,actor,"[""Peter Bishop""]"
tt2032724,3,nm0714698,actor,"[""Phillip Broyles""]"
tt2032724,4,nm0001974,actress,"[""Nina Sharp""]"
tt2032724,5,nm0001974,actress,"[""Alternate Nina Sharp""]"
tt2032724,6,nm1896248,actress,"[""Astrid Farnsworth""]"
tt2032724,7,nm0181787,actor,"[""Lincoln Lee""]"
tt2032724,8,nm0633604,actor,"[""Dr. Walter Bishop""]"
tt2032724,9,nm1708414,actor,"[""Eugene Bryant""]"
tt2032724,10,nm0548449,actor,"[""Dr. Blake West""]"
tt2032724,11,nm0803337,actress,"[""Nurse Jaffe""]"
tt2080688,1,nm1396022,actress,"[""Olivia Dunham""]"
tt2080688,2,nm1396022,actress,"[""Alternate Olivia Dunham""]"
tt2080688,3,nm0005045,actor,"[""Peter Bishop""]"
tt2080688,4,nm0714698,actor,"[""Alternate Phillip Broyles""]"
tt2080688,5,nm0001974,actress,"[""Nina Sharp""]"
tt2080688,6,nm1896248,actress,"[""Alternate Astrid Farnsworth""]"
tt2080688,7,nm0181787,actor,"[""Lincoln Lee""]"
tt2080688,8,nm0181787,actor,"[""Alternate Lincoln Lee""]"
tt2080688,9,nm0633604,actor,"[""Dr. Walter Bishop""]"
tt2080688,10,nm0633604,actor,"[""Walternate""]"
tt2080688,11,nm0103699,actress,"[""Alternate Elizabeth Bishop""]"
tt2080688,12,nm0148964,actor,"[""The Observer""]"
tt2080688,13,nm0364813,actor,"[""David Robert Jones""]"
tt2097485,1,nm1396022,actress,"[""Olivia Dunham""]"
tt2097485,2,nm0005045,actor,"[""Peter Bishop""]"
tt2097485,3,nm0714698,actor,"[""Phillip Broyles""]"
tt2097485,4,nm0001974,actress,"[""Nina Sharp""]"
tt2097485,5,nm1896248,actress,"[""Astrid Farnsworth""]"
tt2097485,6,nm0181787,actor,"[""Lincoln Lee""]"
tt2097485,7,nm0633604,actor,"[""Dr. Walter Bishop""]"
tt2097485,8,nm0333982,actor,"[""Jim Mallum""]"
tt2097485,9,nm1564327,actress,"[""Emily Mallum""]"
tt2097485,10,nm0182099,actor,"[""Superintendent""]"
tt2097486,1,nm1396022,actress,"[""Olivia Dunham""]"
tt2097486,2,nm1396022,actress,"[""Alternate Olivia Dunham""]"
tt2097486,3,nm0005045,actor,"[""Peter Bishop""]"
tt2097486,4,nm0714698,actor,"[""Phillip Broyles""]"
tt2097486,5,nm0714698,actor,"[""Alternate Phillip Broyles""]"
tt2097486,6,nm0001974,actress,"[""Nina Sharp""]"
tt2097486,7,nm1896248,actress,"[""Astrid Farnsworth""]"
tt2097486,8,nm1896248,actress,"[""Alternate Astrid Farnsworth""]"
tt2097486,9,nm0181787,actor,"[""Alternate Lincoln Lee""]"
tt2097486,10,nm0633604,actor,"[""Dr. Walter Bishop""]"
tt2097486,11,nm1977856,actor,"[""Neil Chung""]"
tt2097486,12,nm0336632,actor,"[""Jared Colin""]"
tt2097486,13,nm0396406,actor,"[""MIT Professor""]"
tt2097487,1,nm1396022,actress,"[""Olivia Dunham""]"
tt2097487,2,nm1396022,actress,"[""Alternate Olivia Dunham""]"
tt2097487,3,nm0005045,actor,"[""Peter Bishop""]"
tt2097487,4,nm0714698,actor,"[""Phillip Broyles""]"
tt2097487,5,nm0714698,actor,"[""Alternate Phillip Broyles""]"
tt2097487,6,nm0001974,actress,"[""Alternate Nina Sharp""]"
tt2097487,7,nm1896248,actress,"[""Astrid Farnsworth""]"
tt2097487,8,nm1896248,actress,"[""Alternate Astrid Farnsworth""]"
tt2097487,9,nm0181787,actor,"[""Lincoln Lee""]"
tt2097487,10,nm0181787,actor,"[""Alternate Lincoln Lee""]"
tt2097487,11,nm0633604,actor,"[""Dr. Walter Bishop""]"
tt2097487,12,nm0633604,actor,"[""Walternate""]"
tt2097487,13,nm0103699,actress,"[""Alternate Elizabeth Bishop""]"
tt2097487,14,nm0364813,actor,"[""David Robert Jones""]"
tt2097487,15,nm0472891,actress,"[""Nadine Park""]"
tt2125858,1,nm1396022,actress,"[""Olivia Dunham""]"
tt2125858,2,nm0005045,actor,"[""Peter Bishop""]"
tt2125858,3,nm0714698,actor,"[""Phillip Broyles""]"
tt2125858,4,nm0001974,actress,"[""Nina Sharp""]"
tt2125858,5,nm1896248,actress,"[""Astrid Farnsworth""]"
tt2125858,6,nm0181787,actor,"[""Lincoln Lee""]"
tt2125858,7,nm0633604,actor,"[""Dr. Walter Bishop""]"
tt2125858,8,nm0445551,actor,"[""Cliff Hayes""]"
tt2125858,9,nm1461412,actress,"[""Angela Hayes""]"
tt2125858,10,nm0029131,actor,"[""Crazy Man""]"
tt2125859,1,nm1396022,actress,"[""Olivia Dunham""]"
tt2125859,2,nm0005045,actor,"[""Peter Bishop""]"
tt2125859,3,nm0714698,actor,"[""Phillip Broyles""]"
tt2125859,4,nm0001974,actress,"[""Nina Sharp""]"
tt2125859,5,nm0001974,actress,"[""Alternate Nina Sharp""]"
tt2125859,6,nm1896248,actress,"[""Astrid Farnsworth""]"
tt2125859,7,nm0181787,actor,"[""Lincoln Lee""]"
tt2125859,8,nm0633604,actor,"[""Dr. Walter Bishop""]"
tt2125859,9,nm0043891,actor,"[""Dr. Owen Frank""]"
tt2125859,10,nm1138362,actor,"[""Sean Keenan""]"
tt2125859,11,nm0272316,actress,"[""Mrs. Keenan""]"
tt2142215,1,nm1396022,actress,"[""Olivia Dunham""]"
tt2142215,2,nm0005045,actor,"[""Peter Bishop""]"
tt2142215,3,nm0714698,actor,"[""Phillip Broyles""]"
tt2142215,4,nm0001974,actress,"[""Nina Sharp""]"
tt2142215,5,nm0001974,actress,"[""Alternate Nina Sharp""]"
tt2142215,6,nm1896248,actress,"[""Astrid Farnsworth""]"
tt2142215,7,nm0181787,actor,"[""Lincoln Lee""]"
tt2142215,8,nm0633604,actor,"[""Dr. Walter Bishop""]"
tt2142215,9,nm0148964,actor,"[""The Observer""]"
tt2142215,10,nm0364813,actor,"[""David Robert Jones""]"
tt2142215,11,nm0548449,actor,"[""Leland Spivey""]"
tt2166857,1,nm1396022,actress,"[""Olivia Dunham""]"
tt2166857,2,nm0005045,actor,"[""Peter Bishop""]"
tt2166857,3,nm0714698,actor,"[""Phillip Broyles""]"
tt2166857,4,nm0001974,actress,"[""Nina Sharp""]"
tt2166857,5,nm1896248,actress,"[""Astrid Farnsworth""]"
tt2166857,6,nm0181787,actor,"[""Lincoln Lee""]"
tt2166857,7,nm0633604,actor,"[""Dr. Walter Bishop""]"
tt2166857,8,nm0148964,actor,"[""September""]"
tt2166857,9,nm0557219,actor,"[""Anson Carr""]"
tt2166857,10,nm0336125,actress,"[""Diana Sutter""]"
tt2201537,1,nm1396022,actress,"[""Olivia Dunham""]"
tt2201537,2,nm0005045,actor,"[""Peter Bishop""]"
tt2201537,3,nm0714698,actor,"[""Phillip Broyles""]"
tt2201537,4,nm0001974,actress,"[""Nina Sharp""]"
tt2201537,5,nm1896248,actress,"[""Astrid Farnsworth""]"
tt2201537,6,nm0181787,actor,"[""Lincoln Lee""]"
tt2201537,7,nm0633604,actor,"[""Dr. Walter Bishop""]"
tt2201537,8,nm0400223,actor,"[""Marshall Bowman""]"
tt2201537,9,nm1248373,actress,"[""Kate Hicks""]"
tt2201537,10,nm0585485,actor,"[""Edward Markham""]"
tt2201539,1,nm1396022,actress,"[""Olivia Dunham""]"
tt2201539,2,nm1396022,actress,"[""Alternate Olivia Dunham""]"
tt2201539,3,nm0005045,actor,"[""Peter Bishop""]"
tt2201539,4,nm0714698,actor,"[""Phillip Broyles""]"
tt2201539,5,nm0714698,actor,"[""Alternate Phillip Broyles""]"
tt2201539,6,nm0001974,actress,"[""Alternate Nina Sharp""]"
tt2201539,7,nm1896248,actress,"[""Astrid Farnsworth""]"
tt2201539,8,nm1896248,actress,"[""Alternate Astrid Farnsworth""]"
tt2201539,9,nm0181787,actor,"[""Lincoln Lee""]"
tt2201539,10,nm0181787,actor,"[""Alternate Lincoln Lee""]"
tt2201539,11,nm0633604,actor,"[""Dr. Walter Bishop""]"
tt2201539,12,nm0633604,actor,"[""Walternate""]"
tt2201539,13,nm1362980,actor,"[""Antonio Dawes (Canaan)""]"
tt2201539,14,nm0347375,actor,"[""Rick Pearce (Canaan)""]"
tt2201539,15,nm0346607,actor,"[""Ted""]"
tt2208523,1,nm1396022,actress,"[""Olivia Dunham""]"
tt2208523,2,nm1396022,actress,"[""Alternate Olivia Dunham""]"
tt2208523,3,nm0005045,actor,"[""Peter Bishop""]"
tt2208523,4,nm0714698,actor,"[""Phillip Broyles""]"
tt2208523,5,nm0714698,actor,"[""Alternate Phillip Broyles""]"
tt2208523,6,nm0001974,actress,"[""Alternate Nina Sharp""]"
tt2208523,7,nm1896248,actress,"[""Astrid Farnsworth""]"
tt2208523,8,nm1896248,actress,"[""Alternate Astrid Farnsworth""]"
tt2208523,9,nm0181787,actor,"[""Lincoln Lee""]"
tt2208523,10,nm0181787,actor,"[""Alternate Lincoln Lee""]"
tt2208523,11,nm0633604,actor,"[""Dr. Walter Bishop""]"
tt2208523,12,nm0364813,actor,"[""David Robert Jones""]"
tt2208523,13,nm3272464,actor,"[""Christopher Broyles""]"
tt2208523,14,nm1661288,actress,"[""Red-Headed Woman""]"
tt2208525,1,nm1396022,actress,"[""Olivia Dunham""]"
tt2208525,2,nm0005045,actor,"[""Peter Bishop""]"
tt2208525,3,nm0714698,actor,"[""Phillip Broyles""]"
tt2208525,4,nm0001974,actress,"[""Nina Sharp""]"
tt2208525,5,nm1896248,actress,"[""Astrid Farnsworth""]"
tt2208525,6,nm0181787,actor,"[""Lincoln Lee""]"
tt2208525,7,nm0633604,actor,"[""Dr. Walter Bishop""]"
tt2208525,8,nm0193738,actor,"[""Simon Foster""]"
tt2208525,9,nm3418737,actress,"[""Henrietta Bishop""]"
tt2208525,10,nm0970805,actor,"[""Impound Clerk""]"
tt2208527,1,nm1396022,actress,"[""Olivia Dunham""]"
tt2208527,2,nm1396022,actress,"[""Alternate Olivia Dunham""]"
tt2208527,3,nm0005045,actor,"[""Peter Bishop""]"
tt2208527,4,nm0714698,actor,"[""Phillip Broyles""]"
tt2208527,5,nm0001974,actress,"[""Nina Sharp""]"
tt2208527,6,nm1896248,actress,"[""Astrid Farnsworth""]"
tt2208527,7,nm1896248,actress,"[""Alternate Astrid Farnsworth""]"
tt2208527,8,nm0181787,actor,"[""Lincoln Lee""]"
tt2208527,9,nm0633604,actor,"[""Dr. Walter Bishop""]"
tt2208527,10,nm0633604,actor,"[""Walternate""]"
tt2208527,11,nm1964247,actor,"[""Nick Lane""]"
tt2208527,12,nm1370984,actress,"[""Sally Clark""]"
tt2208527,13,nm4643964,actor,"[""American Tourist""]"
tt2208529,1,nm1396022,actress,"[""Olivia Dunham""]"
tt2208529,2,nm0005045,actor,"[""Peter Bishop""]"
tt2208529,3,nm0714698,actor,"[""Phillip Broyles""]"
tt2208529,4,nm0001974,actress,"[""Nina Sharp""]"
tt2208529,5,nm1896248,actress,"[""Astrid Farnsworth""]"
tt2208529,6,nm0181787,actor,"[""Lincoln Lee""]"
tt2208529,7,nm0633604,actor,"[""Dr. Walter Bishop""]"
tt2208529,8,nm0364813,actor,"[""David Robert Jones""]"
tt2208529,9,nm1242950,actress,"[""Jessica Holt""]"
tt2208529,10,nm1635134,actress,"[""Doctor Benlo""]"
tt2208531,1,nm1396022,actress,"[""Olivia Dunham""]"
tt2208531,2,nm0005045,actor,"[""Peter Bishop""]"
tt2208531,3,nm0714698,actor,"[""Phillip Broyles""]"
tt2208531,4,nm0001974,actress,"[""Nina Sharp""]"
tt2208531,5,nm1896248,actress,"[""Astrid Farnsworth""]"
tt2208531,6,nm0181787,actor,"[""Lincoln Lee""]"
tt2208531,7,nm0633604,actor,"[""Dr. Walter Bishop""]"
tt2208531,8,nm0148964,actor,"[""The Observer""]"
tt2208531,9,nm1242950,actress,"[""Jessica Holt""]"
tt2208531,10,nm0687679,actor,"[""Senator James Van Horn""]"
tt2222882,1,nm1396022,actress,"[""Olivia Dunham""]"
tt2222882,2,nm0005045,actor,"[""Peter Bishop""]"
tt2222882,3,nm1896248,actress,"[""Astrid Farnsworth""]"
tt2222882,4,nm0633604,actor,"[""Dr. Walter Bishop""]"
tt2222882,5,nm3418737,actress,"[""Henrietta Bishop""]"
tt2222882,6,nm1441925,actor,"[""Gael Manfretti""]"
tt2222882,7,nm1591479,actor,"[""Loyalist Guard #2""]"
tt2222882,8,nm1756294,actress,"[""Nurse #1""]"
tt2222882,9,nm2261474,actor,"[""Observer""]"
tt2222882,10,nm5300354,actress,"[""Young Etta""]"
tt2352398,1,nm1396022,actress,"[""Olivia Dunham""]"
tt2352398,2,nm0005045,actor,"[""Peter Bishop""]"
tt2352398,3,nm1896248,actress,"[""Astrid Farnsworth""]"
tt2352398,4,nm0633604,actor,"[""Dr. Walter Bishop""]"
tt2352398,5,nm3676142,actor,"[""River Massey""]"
tt2352398,6,nm3418737,actress,"[""Henrietta Bishop""]"
tt2352398,7,nm0465959,actor,"[""Captain Windmark""]"
tt2352398,8,nm0569295,actor,"[""Edwin Massey""]"
tt2352398,9,nm0810804,actor,"[""Anil""]"
tt2352398,10,nm4075668,actor,"[""Loyalist Scout""]"
tt2383819,1,nm1396022,actress,"[""Olivia Dunham""]"
tt2383819,2,nm0005045,actor,"[""Peter Bishop""]"
tt2383819,3,nm1896248,actress,"[""Astrid Farnsworth""]"
tt2383819,4,nm0633604,actor,"[""Dr. Walter Bishop""]"
tt2383819,5,nm3418737,actress,"[""Henrietta Bishop""]"
tt2383819,6,nm0465959,actor,"[""Captain Windmark""]"
tt2383819,7,nm0585485,actor,"[""Edward Markham""]"
tt2383819,8,nm0810804,actor,"[""Anil""]"
tt2383819,9,nm0046420,actor,"[""Guard""]"
tt2383819,10,nm0089151,actor,"[""Neo Observer""]"
tt2385734,1,nm1396022,actress,"[""Olivia Dunham""]"
tt2385734,2,nm0005045,actor,"[""Peter Bishop""]"
tt2385734,3,nm1896248,actress,"[""Astrid Farnsworth""]"
tt2385734,4,nm0633604,actor,"[""Dr. Walter Bishop""]"
tt2385734,5,nm3418737,actress,"[""Henrietta Bishop""]"
tt2385734,6,nm0465959,actor,"[""Captain Windmark""]"
tt2385734,7,nm0714698,actor,"[""Phillip Broyles""]"
tt2385734,8,nm1765950,actor,"[""Tester""]"
tt2385734,9,nm4816853,actor,"[""Lead Guard""]"
tt2385734,10,nm0066737,actor,"[""Egg Face Screaming Loyalist""]"
tt2385736,1,nm1396022,actress,"[""Olivia Dunham""]"
tt2385736,2,nm0005045,actor,"[""Peter Bishop""]"
tt2385736,3,nm1896248,actress,"[""Astrid Farnsworth""]"
tt2385736,4,nm0633604,actor,"[""Dr. Walter Bishop""]"
tt2385736,5,nm0698763,actor,"[""Captive Observer""]"
tt2385736,6,nm1558628,actor,"[""Interruption Observer""]"
tt2385736,7,nm0810804,actor,"[""Anil""]"
tt2385736,8,nm0170809,actor,"[""Scientist Observer""]"
tt2385736,9,nm1046194,actor,"[""Niemann""]"
tt2385736,10,nm5300354,actress,"[""Young Etta""]"
tt2385738,1,nm1396022,actress,"[""Olivia Dunham""]"
tt2385738,2,nm0005045,actor,"[""Peter Bishop""]"
tt2385738,3,nm1896248,actress,"[""Astrid Farnsworth""]"
tt2385738,4,nm0633604,actor,"[""Dr. Walter Bishop""]"
tt2385738,5,nm0465959,actor,"[""Captain Windmark""]"
tt2385738,6,nm0015865,actor,"[""Cecil""]"
tt2385738,7,nm3418737,actress,"[""Henrietta Bishop""]"
tt2385738,8,nm1340453,actor,"[""Observer #3""]"
tt2385738,9,nm5429477,actor,"[""Child Observer""]"
tt2385738,10,nm1830233,actor,"[""Passenger""]"
tt2411938,1,nm1396022,actress,"[""Olivia Dunham""]"
tt2411938,2,nm0005045,actor,"[""Peter Bishop""]"
tt2411938,3,nm1896248,actress,"[""Astrid Farnsworth""]"
tt2411938,4,nm0633604,actor,"[""Dr. Walter Bishop""]"
tt2411938,5,nm0465959,actor,"[""Captain Windmark""]"
tt2411938,6,nm0810804,actor,"[""Anil""]"
tt2411938,7,nm0001974,actress,"[""Nina Sharp""]"
tt2411938,8,nm5340612,actress,"[""Nina's Assistant""]"
tt2411938,9,nm0170809,actor,"[""Observer in Town Car""]"
tt2411938,10,nm0451917,actor,"[""Hastings""]"
tt2411940,1,nm1396022,actress,"[""Olivia Dunham""]"
tt2411940,2,nm0005045,actor,"[""Peter Bishop""]"
tt2411940,3,nm1896248,actress,"[""Astrid Farnsworth""]"
tt2411940,4,nm0633604,actor,"[""Dr. Walter Bishop""]"
tt2411940,5,nm0089093,actress,"[""Dr. Carla Warren""]"
tt2411940,6,nm0125148,actor,"[""Richard""]"
tt2411940,7,nm1070898,actress,"[""Carolyn""]"
tt2411940,8,nm0810804,actor,"[""Anil""]"
tt2411940,9,nm0001974,actress,"[""Nina Sharp""]"
tt2411940,10,nm3635465,actress,"[""Pixie""]"
tt2411942,1,nm1396022,actress,"[""Olivia Dunham""]"
tt2411942,2,nm0005045,actor,"[""Peter Bishop""]"
tt2411942,3,nm1896248,actress,"[""Astrid Farnsworth""]"
tt2411942,4,nm0633604,actor,"[""Dr. Walter Bishop""]"
tt2411942,5,nm0465959,actor,"[""Captain Windmark""]"
tt2411942,6,nm0779325,actress,"[""Simone""]"
tt2411942,7,nm0810804,actor,"[""Anil""]"
tt2411942,8,nm0878141,actor,"[""Briggs""]"
tt2411942,9,nm2749039,actor,"[""Stratton""]"
tt2411942,10,nm0241039,actor,"[""Carlos""]"
tt2411944,1,nm1396022,actress,"[""Olivia Dunham""]"
tt2411944,2,nm0005045,actor,"[""Peter Bishop""]"
tt2411944,3,nm1896248,actress,"[""Astrid Farnsworth""]"
tt2411944,4,nm0633604,actor,"[""Dr. Walter Bishop""]"
tt2411944,5,nm0148964,actor,"[""The Observer""]"
tt2411944,6,nm0465959,actor,"[""Captain Windmark""]"
tt2411944,7,nm0001974,actress,"[""Nina Sharp""]"
tt2411944,8,nm3030777,actress,"[""Nina's Assistant""]"
tt2411944,9,nm1259765,actor,"[""Observer #1""]"
tt2411944,10,nm1661293,actor,"[""Loyalist Guard #3""]"
tt2411946,1,nm1396022,actress,"[""Olivia Dunham""]"
tt2411946,2,nm1396022,actress,"[""Alternate Olivia Dunham""]"
tt2411946,3,nm0005045,actor,"[""Peter Bishop""]"
tt2411946,4,nm1896248,actress,"[""Astrid Farnsworth""]"
tt2411946,5,nm0633604,actor,"[""Dr. Walter Bishop""]"
tt2411946,6,nm0148964,actor,"[""September""]"
tt2411946,7,nm0452308,actor,"[""The Commander""]"
tt2411946,8,nm0465959,actor,"[""Captain Windmark""]"
tt2411946,9,nm0181787,actor,"[""Lincoln Lee""]"
tt2411946,10,nm0714698,actor,"[""Phillip Broyles""]"
tt2411946,11,nm2338716,actor,"[""Alt Universe Fringe Agent #2""]"
tt2411948,1,nm1396022,actress,"[""Olivia Dunham""]"
tt2411948,2,nm0005045,actor,"[""Peter Bishop""]"
tt2411948,3,nm1896248,actress,"[""Astrid Farnsworth""]"
tt2411948,4,nm0633604,actor,"[""Dr. Walter Bishop""]"
tt2411948,5,nm0148964,actor,"[""September""]"
tt2411948,6,nm0452308,actor,"[""The Commander""]"
tt2411948,7,nm0465959,actor,"[""Captain Windmark""]"
tt2411948,8,nm1242613,actor,"[""Loyalist Guard""]"
tt2411948,9,nm1259765,actor,"[""Second Observer""]"
tt2411948,10,nm0254637,actor,"[""Loyalist at Station""]"
tt2411954,1,nm1396022,actress,"[""Olivia Dunham""]"
tt2411954,2,nm0005045,actor,"[""Peter Bishop""]"
tt2411954,3,nm1896248,actress,"[""Astrid Farnsworth""]"
tt2411954,4,nm0633604,actor,"[""Dr. Walter Bishop""]"
tt2411954,5,nm0148964,actor,"[""September""]"
tt2411954,6,nm0465959,actor,"[""Captain Windmark""]"
tt2411954,7,nm0810804,actor,"[""Anil""]"
tt2411954,8,nm0714698,actor,"[""Phillip Broyles""]"
tt2411954,9,nm1259765,actor,"[""Observer on Street #2""]"
tt2411954,10,nm3811636,actor,"[""Young Resistance Fighter""]"
